{
   "lods": [
      {
         "file": "godzilla_mothra01.LOD0.glb",
         "lodRatio": 1,
         "bytes": 3984312
      }
   ],
   "bounds": [
      -403.8359069824219,
      -1.5916519165039062,
      -400.4194030761719,
      402.8710021972656,
      250.18321228027344,
      400.8280334472656
   ]
}